model,r2,mae,rmse,cv_r2_mean
linear,0.9557677972027114,1883.659104477612,2425.609979131115,0.9504488016237899
ridge,0.9554499579276686,1895.0680924617775,2434.3092305970927,0.9505070119414617
lasso,0.9553329685677076,1895.7235278165197,2437.5034089374335,0.9504544019827245
gbr,0.9525974167666322,1987.8496461591428,2511.0345675050885,0.9439917742418814
rf,0.9490069063230208,2037.0378194029856,2604.3980830391943,0.9410868722368797
